{"cameraMode":{"drawMode":0,"name":"Shaded","section":"Shading Mode"},"sceneLighting":true,"audioPlay":false,"sceneViewState":{"m_AlwaysRefresh":false,"showFog":true,"showSkybox":true,"showFlares":true,"showImageEffects":true,"showParticleSystems":true,"showVisualEffectGraphs":true,"m_FxEnabled":true},"in2DMode":false,"pivot":{"x":-1.1180369853973389,"y":-1.0403860807418824,"z":21.708581924438478},"rotation":{"x":-0.26205313205718996,"y":0.4649222791194916,"z":-0.14627143740653993,"w":-0.8329360485076904},"size":25.61418914794922,"orthographic":false}